<wpml-config>
    <admin-texts>
        <key name="theme_mods_binarypoets">
            <key name="binary_footer_copyright_text" />
            <key name="binary_top_bar_content" />
            <key name="binary_after_header_content" />
            <key name="binary_mobile_menu_text" />
            <key name="binary_mobile_menu_close_text" />
            <key name="binary_mobile_menu_close_btn_text" />
            <key name="binary_woo_menu_icon_custom_link" />
            <key name="binary_blog_infinite_scroll_last_text" />
            <key name="binary_blog_infinite_scroll_error_text" />
            <key name="binary_woo_off_canvas_filter_text" />
            <key name="binary_woo_infinite_scroll_last_text" />
            <key name="binary_woo_infinite_scroll_error_text" />
            <key name="oss_social_share_heading" />
            <key name="osf_text" />
            <key name="owp_popup_title_text" />
            <key name="owp_popup_content" />
            <key name="owp_popup_continue_btn_text" />
            <key name="owp_popup_cart_btn_text" />
            <key name="owp_popup_bottom_text" />
            <key name="binary_top_bar_template" />
            <key name="binary_top_bar_social_alt_template" />
            <key name="binary_vertical_header_template" />
            <key name="binary_vertical_header_bottom_template" />
            <key name="binary_header_template" />
            <key name="binary_menu_social_template" />
            <key name="binary_footer_widgets_template" />
            <key name="binary_error_page_template" />
        </key>
    </admin-texts>   
</wpml-config>