{"kobita_default_sidebar":{"mks_author_widget-3":{"title":"About Author","author":1,"auto_detect":0,"display_name":1,"display_avatar":1,"display_desc":0,"display_all_posts":1,"name_to_title":0,"link_to_name":0,"link_to_avatar":0,"link_text":"View all posts","link_url":"https:\/\/\/www.binarypoets.net","avatar_size":64,"limit_chars":0},"mks_social_widget-3":{"title":"Follow Us","content":"","style":"square","size":48,"font_size":16,"target":"_blank","social":[{"icon":"facebook","url":"https:\/\/fb.me\/binarypoets"},{"icon":"github","url":"https:\/\/www.github.com\/binary-poets"},{"icon":"instagram","url":"https:\/\/www.instagram.com\/binarypoets"},{"icon":"twitter","url":"https:\/\/www.twitter.com\/binarypoets"},{"icon":"youtube","url":"https:\/\/www.youtube.com\/channel\/UCVW9g40r6a2FjkQ5Wc3JxGg"}]},"text-5":{"title":"","text":"<div id=\"fb-root\"><\/div>\r\n<script async defer crossorigin=\"anonymous\" src=\"https:\/\/connect.facebook.net\/en_US\/sdk.js#xfbml=1&version=v5.0&appId=457123915207986&autoLogAppEvents=1\"><\/script>\r\n<div class=\"fb-page\" data-href=\"https:\/\/www.facebook.com\/binarypoets\" data-tabs=\"about\" data-width=\"\" data-height=\"\" data-small-header=\"false\" data-adapt-container-width=\"true\" data-hide-cover=\"false\" data-show-facepile=\"false\">\r\n<blockquote class=\"fb-xfbml-parse-ignore\" cite=\"https:\/\/www.facebook.com\/binarypoets\"><a href=\"https:\/\/www.facebook.com\/binarypoets\">Binary Poets<\/a><\/blockquote>\r\n<\/div>","filter":true,"visual":true},"media_video-3":{"preload":"auto","loop":true,"content":"","mp4":"","m4v":"","webm":"","ogv":"","flv":"","attachment_id":0,"url":"https:\/\/youtu.be\/13m7rnUXRz4","title":""},"text-1":{"title":"","text":"<div style=\"text-align: center\">\r\n<img style=\"width: 111px; margin-bottom: 10px\" src=\"https:\/\/i.imgur.com\/ZAsmGSP.png\" alt=\"Kobita\"\/>\r\n<p><a href=\"https:\/\/binarypoets.net\/kobita\">Kobita<\/a> \u00b7 Built with \u2764\ufe0f by <a href=\"http:\/\/www.binarypoets.net\">BinaryPoets<\/a> <\/p>\r\n<\/div>","filter":false}}}