{"last_tab":"","logo":{"url":"https://www.kobita.binarypoets.net/wp-content/themes/kobita/assets/img/kobita_logo.png","id":"","height":"","width":"","thumbnail":"","title":"","caption":"","alt":"","description":""},"logo_retina":{"url":"https://www.kobita.binarypoets.net/wp-content/themes/kobita/assets/img/kobita_logo@2x.png","id":"","height":"","width":"","thumbnail":"","title":"","caption":"","alt":"","description":""},"logo_custom_url":"","style":"material","color_header_bg":"#339059","cover_gradient":"","cover_gradient_color":"#000000","cover_gradient_orientation":"to right top","cover_bg_media":"image","cover_bg_img":{"url":"","id":"","height":"","width":"","thumbnail":"","title":"","caption":"","alt":"","description":""},"cover_bg_video":{"url":"","id":"","height":"","width":"","thumbnail":"","title":"","caption":"","alt":"","description":""},"cover_bg_video_image":{"url":"","id":"","height":"","width":"","thumbnail":"","title":"","caption":"","alt":"","description":""},"cover_bg_opacity":"0.6","color_header_txt":"#ffffff","color_body_bg":"#f8f8f8","color_content_bg":"#ffffff","color_content_h":"#333333","color_content_txt":"#444444","color_content_acc":"#339059","color_content_meta":"#888888","color_footer_bg":"#f8f8f8","color_footer_txt":"#aaaaaa","color_footer_acc":"#888888","header_layout":"1","header_elements":{"main-menu":"1","sidebar-button":"1","search-dropdown":"","social-menu-dropdown":"","site-desc":""},"header_height":"110","header_orientation":"content","header_sticky":"1","footer_layout":"4-4-4","layout_a_dropcap":"1","layout_a_fimg":"","layout_a_meta":{"author":"1","category":"1","date":"0","rtime":"1","comments":"0"},"layout_a_content":"excerpt","layout_a_excerpt_limit":"400","layout_a_buttons":{"rm":"1","rl":"1","comments":"0"},"layout_b_fimg":"","layout_b_meta":{"author":"1","category":"0","date":"0","rtime":"1","comments":"1"},"layout_b_excerpt":"1","layout_b_excerpt_limit":"400","layout_b_buttons":{"rm":"0","rl":"0","comments":"0"},"layout_c_dropcap":"1","layout_c_fimg":"","layout_c_meta":{"author":"0","category":"0","date":"1","rtime":"0","comments":"0"},"front_page_cover":"posts","front_page_cover_posts":"date","front_page_cover_posts_manual":"","front_page_cover_posts_num":"5","front_page_cover_posts_unique":"1","front_page_cover_dropcap":"1","layout_cover_meta":{"author":"1","category":"1","date":"0","rtime":"0","comments":"1"},"layout_cover_buttons":{"rm":"1","rl":"1","comments":"0"},"front_page_cover_posts_fimg":"","front_page_cover_autoplay":"","front_page_cover_autoplay_time":"4","front_page_cover_on_first_page":"","front_page_intro":"0","front_page_intro_on_first_page":"","front_page_posts":"date","front_page_posts_manual":"","front_page_posts_ppp":"inherit","front_page_posts_num":"6","front_page_posts_layout":"a","front_page_posts_pagination":"load-more","archive_cover":"","archive_dropcap":"1","archive_description":"1","archive_layout":"a","archive_ppp":"inherit","archive_ppp_num":"6","archive_pagination":"load-more","category_settings_type":"inherit","category_cover":"","category_layout":"a","category_ppp":"inherit","category_ppp_num":"6","category_pagination":"load-more","tag_settings_type":"inherit","tag_cover":"","tag_layout":"a","tag_ppp":"inherit","tag_ppp_num":"6","tag_pagination":"load-more","author_settings_type":"custom","use_author_image":"1","author_cover":"","author_layout":"a","author_ppp":"inherit","author_ppp_num":"6","author_pagination":"load-more","single_cover":"","single_dropcap":"1","layout_single_meta":{"author":"1","category":"1","date":"1","rtime":"1","comments":"1"},"single_fimg":"none","single_fimg_cap":"","single_share":"1","single_share_options":"below","single_tags":"1","single_author":"1","single_sticky_bottom_bar":"1","single_related":"1","related_type":"cat","related_order":"date","related_limit":"4","related_layout":"c","page_cover":"0","page_dropcap":"1","page_fimg":"none","main_font":{"font-family":"Hind Siliguri","font-options":"","google":"1","font-weight":"600","font-style":"","subsets":"latin","letter-spacing":""},"h_font":{"font-family":"Hind Siliguri","font-options":"","google":"1","font-weight":"600","font-style":"","subsets":"latin","letter-spacing":""},"nav_font":{"font-family":"Hind Guntur","font-options":"","google":"1","font-weight":"700","font-style":"","subsets":"","letter-spacing":""},"font_size_p":"22","font_size_nav":"11","font_size_small":"14","font_size_meta":"13","font_size_cover":"64","font_size_cover_dropcap":"600","font_size_dropcap":"260","font_size_h1":"48","font_size_h2":"35","font_size_h3":"28","font_size_h4":"23","font_size_h5":"18","font_size_h6":"15","uppercase":{".site-title":"1",".kobita-site-description":"",".kobita-nav":"1","h1, h2, h3, h4, h5, h6, .wp-block-cover-text, .wp-block-cover-image-text":"1",".section-title":"1",".widget-title":"1",".meta-item":"",".kobita-button":"1"},"content-paragraph-width":"720","ad_top":"<a href=\"https://www.binarypoets.net/kobita\"><img class=\"size-medium\" src=\"https://binary-poets.github.io/Themes/assets/kobita/kobita-wp-ad1.jpg\" alt=\"Kobita Theme Ad\" width=\"728\" height=\"90\" /></a>","ad_bottom":"<a href=\"https://www.binarypoets.net/kobita\"><img class=\"size-medium\" src=\"https://binary-poets.github.io/Themes/assets/kobita/kobita-wp-ad1.jpg\" alt=\"Kobita Theme Ad\" width=\"728\" height=\"90\" /></a>","ad_between_posts":"<a href=\"https://www.binarypoets.net/kobita\"><img class=\"size-medium\" src=\"https://binary-poets.github.io/Themes/assets/kobita/kobita-wp-ad1.jpg\" alt=\"Kobita Theme Ad\" width=\"728\" height=\"90\" /></a>","ad_between_posts_position":"3","ad_exclude_404":"","rtl_mode":"","rtl_lang_skip":"","more_string":"...","use_gallery":"1","scroll_down_arrow":"","words_read_per_minute":"200","post_modified_date":"","enable_translate":"1","tr_latest_stories":"","tr_no_comments":"Add Comment","tr_one_comment":"1 Comment","tr_multiple_comments":"% Comments","tr_min_read":"Min Read","tr_by":"By","tr_in":"In","tr_read_on":"","tr_read_later":"","tr_search_placeholder":"","tr_search_button":"","tr_newer_entries":"","tr_older_entries":"","tr_previous_posts":"","tr_next_posts":"","tr_load_more":"","tr_to_top":"","tr_category":"","tr_tag":"","tr_author":"","tr_archive":"","tr_search_results_for":"","tr_related":"","tr_about_author":"","tr_view_all":"","tr_comment_submit":"","tr_comment_reply":"","tr_comment_text":"","tr_comment_email":"","tr_comment_name":"","tr_comment_website":"","tr_comment_cancel_reply":"","tr_comment_cookie_gdpr":"","tr_404_title":"","tr_404_text":"","tr_content_none":"","tr_content_none_search":"","minify_css":"1","minify_js":"1","disable_img_sizes":{"cover":"","a":"","b":"","c":""},"front_page_cover_posts_cat":[],"front_page_cover_posts_tag":[],"front_page_posts_cat":[],"front_page_posts_tag":[],"ad_exclude_from_pages":[],"section_layout_a":"","section_layout_b":"","section_layout_c":"","section_front_page_cover":"","section_front_page_intro":"","section_front_page_posts":"","finetune":"","redux_import_export":"","redux-backup":1}