{"kobita_default_sidebar":{"binarypoets_author_widget-2":{"title":"About me","author":2,"auto_detect":1,"display_name":1,"display_avatar":1,"display_desc":1,"display_all_posts":0,"name_to_title":1,"link_to_name":0,"link_to_avatar":0,"link_text":"View all posts","link_url":"","avatar_size":90},"binarypoets_social_widget-2":{"title":"Get in touch","content":"Quickly communicate covalent niche markets for maintainable sources. Collaboratively harness resource sucking experiences whereas cost effective meta-services.","style":"circle","size":46,"font_size":16,"target":"_blank","social":[{"icon":"facebook","url":""},{"icon":"instagram","url":""},{"icon":"twitter","url":""},{"icon":"dribbble","url":""}]}},"kobita_footer_sidebar_center":{"text-2":{"title":"","text":"<div style=\"text-align: center\">\r\n<img style=\"width: 111px; margin-bottom: 10px\" src=\"https:\/\/i.imgur.com\/ZAsmGSP.png\" alt=\"Kobita\"\/>\r\n<p><a href=\"https:\/\/binarypoets.net\/kobita\">Kobita<\/a> \u00b7 Built with ❤️ by <a href=\"http:\/\/www.binarypoets.net\">BinaryPoets<\/a> <\/p>\r\n<\/div>","filter":false}},"kobita_woocommerce_sidebar":{"woocommerce_products-2":{"title":"Products","number":5,"show":"","orderby":"date","order":"desc","hide_free":0,"show_hidden":0},"woocommerce_widget_cart-2":{"title":"Cart","hide_if_empty":0}},"kobita_demo_sidebar":{"binarypoets_instagram-2":{"title":"Instagram","username_hashtag":"@natgeo","photos_number":9,"columns":3,"photo_space":2,"container_size":300,"link_text":"Follow"},"search-2":{"title":"Search"},"recent-posts-2":{"title":"Recent Posts","number":5,"show_date":true},"tag_cloud-2":{"title":"Tag Cloud","taxonomy":"post_tag"},"categories-2":{"title":"Categories","count":1,"hierarchical":0,"dropdown":0},"kobita_posts_widget-2":{"title":"Custom Posts Widget","style":"thumbnail","orderby":"date","category":null,"numposts":5,"auto_detect":0,"meta":["date"],"manual":[],"tag":""},"kobita_posts_widget-3":{"title":"Custom Posts Widget","style":"timeline","orderby":"date","category":null,"numposts":5,"auto_detect":0,"meta":["comments"],"manual":[],"tag":""},"binarypoets_ads_widget-2":{"title":"Custom Ads","size":"large","num_per_view":1,"rotate":0,"randomize":0,"nofollow":0,"no_target_blank":0,"speed":5,"ad_width":0,"ad_height":0,"ads":[{"link":"https:\/\/binarypoets.net\/static\/kobita\/kobita_ad_300x250.png","img":"https:\/\/binarypoets.net\/static\/kobita\/kobita_ad_300x250.png","code":"","type":"image"}]},"binarypoets_author_widget-3":{"title":"Custom Author Widget","author":2,"auto_detect":0,"display_name":0,"display_avatar":1,"display_desc":1,"display_all_posts":1,"name_to_title":0,"link_to_name":0,"link_to_avatar":0,"link_text":"View all posts","link_url":"","avatar_size":100},"binarypoets_social_widget-3":{"title":"Custom Social Widget","content":"Quickly communicate covalent niche markets for maintainable sources. Collaboratively harness resource sucking experiences whereas cost effective meta-services.","style":"circle","size":46,"font_size":16,"target":"_blank","social":[{"icon":"facebook","url":"#"},{"icon":"twitter","url":"#"},{"icon":"google-plus","url":"#"}]},"binarypoets_flickr_widget-2":{"title":"Custom Flickr Widget","id":"23100287@N07","count":"9","t_width":"90","t_height":"90"}},"kobita_footer_sidebar_left_demo":{"text-4":{"title":"About us","text":"Efficiently syndicate tactical interfaces through client-based infrastructures. Progressively unleash economically sound materials. Phosfluorescently create virtual functionalities via granular methodologies intrinsicly aggregate human.","filter":false}},"kobita_footer_sidebar_center_demo":{"text-5":{"title":"Newsletter","text":"<div id=\"mc_embed_signup\">\r\n<form action=\"\/\/binarypoets.us8.list-manage.com\/subscribe\/post?u=7b0c01faab4ec7b36214565c5&amp;id=1a87522c12\" method=\"post\" id=\"mc-embedded-subscribe-form\" name=\"mc-embedded-subscribe-form\" class=\"validate\" target=\"_blank\" novalidate>\r\n    <div id=\"mc_embed_signup_scroll\">\r\n<p style=\"margin-bottom: 15px\">Subscribe to receive inspiration, news, and ideas in your inbox.<\/p>\r\n<div class=\"mc-field-group\">\r\n\r\n\t<input type=\"email\" value=\"\" name=\"EMAIL\" class=\"required email\" id=\"mce-EMAIL\" placeholder=\"Enter your email address\">\r\n<\/div>\r\n\t<div id=\"mce-responses\" class=\"clear\">\r\n\t\t<div class=\"response\" id=\"mce-error-response\" style=\"display:none\"><\/div>\r\n\t\t<div class=\"response\" id=\"mce-success-response\" style=\"display:none\"><\/div>\r\n\t<\/div>    <!-- real people should not fill this in and expect good things - do not remove this or risk form bot signups-->\r\n    <div style=\"position: absolute; left: -5000px;\" aria-hidden=\"true\"><input type=\"text\" name=\"b_7b0c01faab4ec7b36214565c5_1a87522c12\" tabindex=\"-1\" value=\"\"><\/div>\r\n    <div class=\"clear sub-menu\"><input type=\"submit\" value=\"Subscribe\" name=\"subscribe\" id=\"mc-embedded-subscribe\" class=\"gridlove-button-search\"><\/div>\r\n    <\/div>\r\n<\/form>\r\n<\/div>\r\n\r\n<!--End mc_embed_signup-->","filter":false}},"kobita_footer_sidebar_right_demo":{"binarypoets_social_widget-4":{"title":"Follow us","content":"Assertively recaptiualize equity invested markets through B2C results. Efficiently cultivate backend ideas with next-generation.","style":"circle","size":46,"font_size":16,"target":"_blank","social":[{"icon":"facebook","url":"https:\/\/www.facebook.com\/binarypoets"},{"icon":"twitter","url":"https:\/\/twitter.com\/binarypoets"},{"icon":"instagram","url":"https:\/\/plus.google.com\/+binarypoets"}]}}}